Workbook
Name BoomLookup: '[1]VLOOKUP(2)'!$A$42:$D$47
Name CommLookupTable: '[1]Assumption Sheet'!$A$9:$B$12
Name RateIncreaseData: [1]Assumptions!$A$3:$E$8
Name s: '[2]Y(203)-SUMIF'!$C$14:$C$24
Name sr: '[2]Y(203)-SUMIF'!$B$14:$B$24

Sheet 3-DReference
A1: Into The Wind Kites Sum of Units Sold
A2: Product/Month | B2: Jan | C2: Feb | D2: Mar | E2: Apr | F2: May | G2: Jun | H2: Jul | I2: Aug | J2: Sep | K2: Oct | L2: Nov | M2: Dec | N2: Total
A3: Carlota | B3: =SUM('Store(1):Store(5)'!B3) -> 71 | C3: =SUM('Store(1):Store(5)'!C3) -> 158 | D3: =SUM('Store(1):Store(5)'!D3) -> 114 | E3: =SUM('Store(1):Store(5)'!E3) -> 96 | F3: =SUM('Store(1):Store(5)'!F3) -> 142 | G3: =SUM('Store(1):Store(5)'!G3) -> 62 | H3: =SUM('Store(1):Store(5)'!H3) -> 112 | I3: =SUM('Store(1):Store(5)'!I3) -> 103 | ... M3: =SUM('Store(1):Store(5)'!M3) -> 115 | N3: =SUM(B3:M3) -> 1342
A4: Yanaki | B4: =SUM('Store(1):Store(5)'!B4) -> 109 | C4: =SUM('Store(1):Store(5)'!C4) -> 161 | D4: =SUM('Store(1):Store(5)'!D4) -> 147 | E4: =SUM('Store(1):Store(5)'!E4) -> 79 | F4: =SUM('Store(1):Store(5)'!F4) -> 97 | G4: =SUM('Store(1):Store(5)'!G4) -> 109 | H4: =SUM('Store(1):Store(5)'!H4) -> 184 | I4: =SUM('Store(1):Store(5)'!I4) -> 114 | ... M4: =SUM('Store(1):Store(5)'!M4) -> 132 | N4: =SUM(B4:M4) -> 1556
A5: Aspen | B5: =SUM('Store(1):Store(5)'!B5) -> 143 | C5: =SUM('Store(1):Store(5)'!C5) -> 181 | D5: =SUM('Store(1):Store(5)'!D5) -> 96 | E5: =SUM('Store(1):Store(5)'!E5) -> 138 | F5: =SUM('Store(1):Store(5)'!F5) -> 115 | G5: =SUM('Store(1):Store(5)'!G5) -> 88 | H5: =SUM('Store(1):Store(5)'!H5) -> 111 | I5: =SUM('Store(1):Store(5)'!I5) -> 155 | ... M5: =SUM('Store(1):Store(5)'!M5) -> 89 | N5: =SUM(B5:M5) -> 1586
A6: Sunset | B6: =SUM('Store(1):Store(5)'!B6) -> 136 | C6: =SUM('Store(1):Store(5)'!C6) -> 155 | D6: =SUM('Store(1):Store(5)'!D6) -> 89 | E6: =SUM('Store(1):Store(5)'!E6) -> 120 | F6: =SUM('Store(1):Store(5)'!F6) -> 98 | G6: =SUM('Store(1):Store(5)'!G6) -> 49 | H6: =SUM('Store(1):Store(5)'!H6) -> 106 | I6: =SUM('Store(1):Store(5)'!I6) -> 120 | ... M6: =SUM('Store(1):Store(5)'!M6) -> 101 | N6: =SUM(B6:M6) -> 1387
A7: Delicate Arch | B7: =SUM('Store(1):Store(5)'!B7) -> 171 | C7: =SUM('Store(1):Store(5)'!C7) -> 96 | D7: =SUM('Store(1):Store(5)'!D7) -> 113 | E7: =SUM('Store(1):Store(5)'!E7) -> 123 | F7: =SUM('Store(1):Store(5)'!F7) -> 93 | G7: =SUM('Store(1):Store(5)'!G7) -> 89 | H7: =SUM('Store(1):Store(5)'!H7) -> 139 | I7: =SUM('Store(1):Store(5)'!I7) -> 137 | ... M7: =SUM('Store(1):Store(5)'!M7) -> 119 | N7: =SUM(B7:M7) -> 1459
A8: Bellen | B8: =SUM('Store(1):Store(5)'!B8) -> 127 | C8: =SUM('Store(1):Store(5)'!C8) -> 144 | D8: =SUM('Store(1):Store(5)'!D8) -> 144 | E8: =SUM('Store(1):Store(5)'!E8) -> 143 | F8: =SUM('Store(1):Store(5)'!F8) -> 130 | G8: =SUM('Store(1):Store(5)'!G8) -> 115 | H8: =SUM('Store(1):Store(5)'!H8) -> 121 | I8: =SUM('Store(1):Store(5)'!I8) -> 101 | ... M8: =SUM('Store(1):Store(5)'!M8) -> 122 | N8: =SUM(B8:M8) -> 1503
A9: Total | B9: =SUM(B3:B8) -> 757 | C9: =SUM(C3:C8) -> 895 | D9: =SUM(D3:D8) -> 703 | E9: =SUM(E3:E8) -> 699 | F9: =SUM(F3:F8) -> 675 | G9: =SUM(G3:G8) -> 512 | H9: =SUM(H3:H8) -> 773 | I9: =SUM(I3:I8) -> 730 | ... M9: =SUM(M3:M8) -> 678 | N9: =SUM(B9:M9) -> 8833
A13: Key Learning:
A14: Consolidation by Position
A15: Consolidation by Category

Sheet Store(1)
A1: Into The Wind Kites Units Sold
A2: Product/Month | B2: Jan | C2: Feb | D2: Mar | E2: Apr | F2: May | G2: Jun | H2: Jul | I2: Aug | J2: Sep | K2: Oct | L2: Nov | M2: Dec | N2: Total
A3: Carlota | B3: 4 | C3: 8 | D3: 23 | E3: 29 | F3: 10 | G3: 18 | H3: 30 | I3: 12 | J3: 15 | K3: 2 | L3: 11 | M3: 25 | N3: =SUM(B3:M3) -> 187
A4: Yanaki | B4: 15 | C4: 16 | D4: 17 | E4: 8 | F4: 2 | G4: 31 | H4: 32 | I4: 18 | J4: 24 | K4: 30 | L4: 3 | M4: 26 | N4: =SUM(B4:M4) -> 222
A5: Aspen | B5: 22 | C5: 44 | D5: 0 | E5: 6 | F5: 31 | G5: 22 | H5: 30 | I5: 22 | J5: 34 | K5: 43 | L5: 33 | M5: 40 | N5: =SUM(B5:M5) -> 327
A6: Sunset | B6: 39 | C6: 37 | D6: 0 | E6: 24 | F6: 17 | G6: 22 | H6: 0 | I6: 29 | J6: 31 | K6: 6 | L6: 29 | M6: 17 | N6: =SUM(B6:M6) -> 251
A7: Delicate Arch | B7: 49 | C7: 10 | D7: 7 | E7: 32 | F7: 2 | G7: 13 | H7: 19 | I7: 45 | J7: 39 | K7: 40 | L7: 24 | M7: 24 | N7: =SUM(B7:M7) -> 304
A8: Bellen | B8: 15 | C8: 43 | D8: 14 | E8: 21 | F8: 7 | G8: 11 | H8: 38 | I8: 18 | J8: 41 | K8: 37 | L8: 18 | M8: 38 | N8: =SUM(B8:M8) -> 301
A9: Total | B9: =SUM(B3:B8) -> 144 | C9: =SUM(C3:C8) -> 158 | D9: =SUM(D3:D8) -> 61 | E9: =SUM(E3:E8) -> 120 | F9: =SUM(F3:F8) -> 69 | G9: =SUM(G3:G8) -> 117 | H9: =SUM(H3:H8) -> 149 | I9: =SUM(I3:I8) -> 144 | ... M9: =SUM(M3:M8) -> 170 | N9: =SUM(B9:M9) -> 1592

Sheet Store(2)
A1: Into The Wind Kites Units Sold
A2: Product/Month | B2: Jan | C2: Feb | D2: Mar | E2: Apr | F2: May | G2: Jun | H2: Jul | I2: Aug | J2: Sep | K2: Oct | L2: Nov | M2: Dec | N2: Total
A3: Carlota | B3: 18 | C3: 24 | D3: 40 | E3: 14 | F3: 47 | G3: 6 | H3: 8 | I3: 17 | J3: 43 | K3: 47 | L3: 47 | M3: 16 | N3: =SUM(B3:M3) -> 327
A4: Yanaki | B4: 8 | C4: 23 | D4: 49 | E4: 31 | F4: 5 | G4: 19 | H4: 27 | I4: 15 | J4: 29 | K4: 46 | L4: 39 | M4: 32 | N4: =SUM(B4:M4) -> 323
A5: Aspen | B5: 2 | C5: 46 | D5: 32 | E5: 48 | F5: 15 | G5: 14 | H5: 4 | I5: 25 | J5: 44 | K5: 15 | L5: 33 | M5: 8 | N5: =SUM(B5:M5) -> 286
A6: Sunset | B6: 21 | C6: 38 | D6: 25 | E6: 19 | F6: 22 | G6: 4 | H6: 19 | I6: 30 | J6: 44 | K6: 47 | L6: 11 | M6: 19 | N6: =SUM(B6:M6) -> 299
A7: Delicate Arch | B7: 17 | C7: 38 | D7: 45 | E7: 19 | F7: 33 | G7: 26 | H7: 45 | I7: 13 | J7: 48 | K7: 47 | L7: 12 | M7: 21 | N7: =SUM(B7:M7) -> 364
A8: Bellen | B8: 26 | C8: 18 | D8: 14 | E8: 47 | F8: 39 | G8: 31 | H8: 34 | I8: 5 | J8: 5 | K8: 7 | L8: 27 | M8: 31 | N8: =SUM(B8:M8) -> 284
A9: Total | B9: =SUM(B3:B8) -> 92 | C9: =SUM(C3:C8) -> 187 | D9: =SUM(D3:D8) -> 205 | E9: =SUM(E3:E8) -> 178 | F9: =SUM(F3:F8) -> 161 | G9: =SUM(G3:G8) -> 100 | H9: =SUM(H3:H8) -> 137 | I9: =SUM(I3:I8) -> 105 | ... M9: =SUM(M3:M8) -> 127 | N9: =SUM(B9:M9) -> 1883

Sheet Store(3)
A1: Into The Wind Kites Units Sold
A2: Product/Month | B2: Jan | C2: Feb | D2: Mar | E2: Apr | F2: May | G2: Jun | H2: Jul | I2: Aug | J2: Sep | K2: Oct | L2: Nov | M2: Dec | N2: Total
A3: Carlota | B3: 11 | C3: 48 | D3: 4 | E3: 12 | F3: 4 | G3: 31 | H3: 41 | I3: 22 | J3: 32 | K3: 41 | L3: 20 | M3: 26 | N3: =SUM(B3:M3) -> 292
A4: Yanaki | B4: 3 | C4: 43 | D4: 26 | E4: 19 | F4: 38 | G4: 24 | H4: 32 | I4: 46 | J4: 36 | K4: 26 | L4: 46 | M4: 49 | N4: =SUM(B4:M4) -> 388
A5: Aspen | B5: 34 | C5: 23 | D5: 46 | E5: 34 | F5: 49 | G5: 12 | H5: 40 | I5: 17 | J5: 4 | K5: 32 | L5: 44 | M5: 30 | N5: =SUM(B5:M5) -> 365
A6: Sunset | B6: 8 | C6: 25 | D6: 13 | E6: 42 | F6: 36 | G6: 10 | H6: 38 | I6: 27 | J6: 15 | K6: 47 | L6: 7 | M6: 44 | N6: =SUM(B6:M6) -> 312
A7: Delicate Arch | B7: 28 | C7: 3 | D7: 5 | E7: 40 | F7: 24 | G7: 15 | H7: 17 | I7: 12 | J7: 36 | K7: 3 | L7: 7 | M7: 27 | N7: =SUM(B7:M7) -> 217
A8: Bellen | B8: 2 | C8: 28 | D8: 38 | E8: 47 | F8: 1 | G8: 6 | H8: 11 | I8: 27 | J8: 40 | K8: 22 | L8: 6 | M8: 24 | N8: =SUM(B8:M8) -> 252
A9: Total | B9: =SUM(B3:B8) -> 86 | C9: =SUM(C3:C8) -> 170 | D9: =SUM(D3:D8) -> 132 | E9: =SUM(E3:E8) -> 194 | F9: =SUM(F3:F8) -> 152 | G9: =SUM(G3:G8) -> 98 | H9: =SUM(H3:H8) -> 179 | I9: =SUM(I3:I8) -> 151 | ... M9: =SUM(M3:M8) -> 200 | N9: =SUM(B9:M9) -> 1826

Sheet Store(4)
A1: Into The Wind Kites Units Sold
A2: Product/Month | B2: Jan | C2: Feb | D2: Mar | E2: Apr | F2: May | G2: Jun | H2: Jul | I2: Aug | J2: Sep | K2: Oct | L2: Nov | M2: Dec | N2: Total
A3: Carlota | B3: 8 | C3: 31 | D3: 4 | E3: 9 | F3: 37 | G3: 6 | H3: 20 | I3: 9 | J3: 19 | K3: 45 | L3: 33 | M3: 48 | N3: =SUM(B3:M3) -> 269
A4: Yanaki | B4: 36 | C4: 43 | D4: 8 | E4: 0 | F4: 40 | G4: 1 | H4: 44 | I4: 30 | J4: 17 | K4: 49 | L4: 20 | M4: 8 | N4: =SUM(B4:M4) -> 296
A5: Aspen | B5: 49 | C5: 26 | D5: 0 | E5: 16 | F5: 0 | G5: 13 | H5: 22 | I5: 44 | J5: 8 | K5: 46 | L5: 27 | M5: 11 | N5: =SUM(B5:M5) -> 262
A6: Sunset | B6: 30 | C6: 33 | D6: 14 | E6: 21 | F6: 13 | G6: 7 | H6: 0 | I6: 29 | J6: 6 | K6: 32 | L6: 46 | M6: 15 | N6: =SUM(B6:M6) -> 246
A7: Delicate Arch | B7: 42 | C7: 12 | D7: 12 | E7: 6 | F7: 3 | G7: 17 | H7: 18 | I7: 31 | J7: 7 | K7: 12 | L7: 39 | M7: 27 | N7: =SUM(B7:M7) -> 226
A8: Bellen | B8: 46 | C8: 44 | D8: 46 | E8: 14 | F8: 46 | G8: 19 | H8: 17 | I8: 14 | J8: 37 | K8: 3 | L8: 43 | M8: 0 | N8: =SUM(B8:M8) -> 329
A9: Total | B9: =SUM(B3:B8) -> 211 | C9: =SUM(C3:C8) -> 189 | D9: =SUM(D3:D8) -> 84 | E9: =SUM(E3:E8) -> 66 | F9: =SUM(F3:F8) -> 139 | G9: =SUM(G3:G8) -> 63 | H9: =SUM(H3:H8) -> 121 | I9: =SUM(I3:I8) -> 157 | ... M9: =SUM(M3:M8) -> 109 | N9: =SUM(B9:M9) -> 1628

Sheet Store(5)
A1: Into The Wind Kites Units Sold
A2: Product/Month | B2: Jan | C2: Feb | D2: Mar | E2: Apr | F2: May | G2: Jun | H2: Jul | I2: Aug | J2: Sep | K2: Oct | L2: Nov | M2: Dec | N2: Total
A3: Carlota | B3: 30 | C3: 47 | D3: 43 | E3: 32 | F3: 44 | G3: 1 | H3: 13 | I3: 43 | J3: 5 | K3: 5 | L3: 4 | M3: 0 | N3: =SUM(B3:M3) -> 267
A4: Yanaki | B4: 47 | C4: 36 | D4: 47 | E4: 21 | F4: 12 | G4: 34 | H4: 49 | I4: 5 | J4: 4 | K4: 17 | L4: 38 | M4: 17 | N4: =SUM(B4:M4) -> 327
A5: Aspen | B5: 36 | C5: 42 | D5: 18 | E5: 34 | F5: 20 | G5: 27 | H5: 15 | I5: 47 | J5: 45 | K5: 43 | L5: 19 | M5: 0 | N5: =SUM(B5:M5) -> 346
A6: Sunset | B6: 38 | C6: 22 | D6: 37 | E6: 14 | F6: 10 | G6: 6 | H6: 49 | I6: 5 | J6: 16 | K6: 39 | L6: 37 | M6: 6 | N6: =SUM(B6:M6) -> 279
A7: Delicate Arch | B7: 35 | C7: 33 | D7: 44 | E7: 26 | F7: 31 | G7: 18 | H7: 40 | I7: 36 | J7: 3 | K7: 23 | L7: 39 | M7: 20 | N7: =SUM(B7:M7) -> 348
A8: Bellen | B8: 38 | C8: 11 | D8: 32 | E8: 14 | F8: 37 | G8: 48 | H8: 21 | I8: 37 | J8: 42 | K8: 6 | L8: 22 | M8: 29 | N8: =SUM(B8:M8) -> 337
A9: Total | B9: =SUM(B3:B8) -> 224 | C9: =SUM(C3:C8) -> 191 | D9: =SUM(D3:D8) -> 221 | E9: =SUM(E3:E8) -> 141 | F9: =SUM(F3:F8) -> 154 | G9: =SUM(G3:G8) -> 134 | H9: =SUM(H3:H8) -> 187 | I9: =SUM(I3:I8) -> 173 | ... M9: =SUM(M3:M8) -> 72 | N9: =SUM(B9:M9) -> 1904
